{"cameraMode":{"drawMode":0,"name":"Shaded","section":"Shading Mode"},"sceneLighting":false,"audioPlay":false,"sceneViewState":{"m_AlwaysRefresh":false,"showFog":true,"showSkybox":false,"showFlares":true,"showImageEffects":true,"showParticleSystems":true,"showVisualEffectGraphs":true,"m_FxEnabled":true},"in2DMode":false,"pivot":{"x":0.2013697624206543,"y":0.716477632522583,"z":-0.12088924646377564},"rotation":{"x":-0.02287723682820797,"y":0.8340427875518799,"z":0.034491535276174548,"w":0.5502025485038757},"size":0.9276754260063171,"orthographic":false}