{"cameraMode":{"drawMode":0,"name":"Shaded","section":"Shading Mode"},"sceneLighting":false,"audioPlay":false,"sceneViewState":{"m_AlwaysRefresh":false,"showFog":false,"showSkybox":false,"showFlares":false,"showImageEffects":false,"showParticleSystems":false,"showVisualEffectGraphs":true,"m_FxEnabled":true},"in2DMode":false,"pivot":{"x":1.1173359155654908,"y":-0.21311236917972566,"z":0.5063774585723877},"rotation":{"x":0.10952770709991455,"y":0.12637187540531159,"z":-0.015167010948061943,"w":0.9859804511070252},"size":1.2089778184890748,"orthographic":false}