{"cameraMode":{"drawMode":0,"name":"Shaded","section":"Shading Mode"},"sceneLighting":false,"audioPlay":false,"sceneViewState":{"m_AlwaysRefresh":false,"showFog":false,"showSkybox":false,"showFlares":false,"showImageEffects":false,"showParticleSystems":false,"showVisualEffectGraphs":true,"m_FxEnabled":true},"in2DMode":false,"pivot":{"x":0.9096322059631348,"y":0.6881113052368164,"z":0.5816915035247803},"rotation":{"x":-0.07650117576122284,"y":0.08086921274662018,"z":0.005113465245813131,"w":0.9939491748809815},"size":1.2089778184890748,"orthographic":false}