{"cameraMode":{"drawMode":0,"name":"Shaded","section":"Shading Mode"},"sceneLighting":false,"audioPlay":false,"sceneViewState":{"m_AlwaysRefresh":false,"showFog":false,"showSkybox":false,"showFlares":false,"showImageEffects":false,"showParticleSystems":false,"showVisualEffectGraphs":true,"m_FxEnabled":true},"in2DMode":false,"pivot":{"x":-0.004856448620557785,"y":0.017257507890462877,"z":0.004279693588614464},"rotation":{"x":-0.004019849002361298,"y":0.9848107099533081,"z":-0.114838145673275,"w":-0.1306174099445343},"size":0.008873715996742249,"orthographic":false}