{"cameraMode":{"drawMode":0,"name":"Shaded","section":"Shading Mode"},"sceneLighting":true,"audioPlay":false,"sceneViewState":{"m_AlwaysRefresh":false,"showFog":true,"showSkybox":true,"showFlares":true,"showImageEffects":true,"showParticleSystems":true,"showVisualEffectGraphs":true,"m_FxEnabled":true},"in2DMode":false,"pivot":{"x":32.87384033203125,"y":1.3105279207229615,"z":16.918087005615236},"rotation":{"x":0.0747387707233429,"y":0.044982247054576877,"z":0.007011848036199808,"w":0.9962963461875916},"size":2.818244457244873,"orthographic":false}