{"cameraMode":{"drawMode":0,"name":"Shaded","section":"Shading Mode"},"sceneLighting":false,"audioPlay":false,"sceneViewState":{"m_AlwaysRefresh":false,"showFog":true,"showSkybox":true,"showFlares":true,"showImageEffects":true,"showParticleSystems":true,"showVisualEffectGraphs":true,"m_FxEnabled":true},"in2DMode":false,"pivot":{"x":82.11797332763672,"y":70.70077514648438,"z":36.279075622558597},"rotation":{"x":-0.0014343385118991137,"y":-0.9984719753265381,"z":0.046171750873327258,"w":-0.03196188807487488},"size":2.818246364593506,"orthographic":false}