{"cameraMode":{"drawMode":0,"name":"Shaded","section":"Shading Mode"},"sceneLighting":true,"audioPlay":false,"sceneViewState":{"m_AlwaysRefresh":false,"showFog":true,"showSkybox":true,"showFlares":true,"showImageEffects":true,"showParticleSystems":true,"showVisualEffectGraphs":true,"m_FxEnabled":true},"in2DMode":false,"pivot":{"x":47.455482482910159,"y":3.497058153152466,"z":-35.37742614746094},"rotation":{"x":0.09376233071088791,"y":-0.40313637256622317,"z":0.05303404480218887,"w":0.9089749455451965},"size":0.8660253882408142,"orthographic":false}