{"cameraMode":{"drawMode":0,"name":"Shaded","section":"Shading Mode"},"sceneLighting":false,"audioPlay":false,"sceneViewState":{"m_AlwaysRefresh":false,"showFog":true,"showSkybox":false,"showFlares":true,"showImageEffects":true,"showParticleSystems":true,"showVisualEffectGraphs":true,"m_FxEnabled":true},"in2DMode":false,"pivot":{"x":-0.34651756286621096,"y":-0.32990992069244387,"z":5.15355110168457},"rotation":{"x":-0.0897584855556488,"y":0.08059866726398468,"z":-0.006659277714788914,"w":-0.9926958680152893},"size":5.9702348709106449,"orthographic":false}