{"cameraMode":{"drawMode":0,"name":"Shaded","section":"Shading Mode"},"sceneLighting":false,"audioPlay":false,"sceneViewState":{"m_AlwaysRefresh":false,"showFog":true,"showSkybox":false,"showFlares":true,"showImageEffects":true,"showParticleSystems":true,"showVisualEffectGraphs":true,"m_FxEnabled":true},"in2DMode":false,"pivot":{"x":1.0363060235977173,"y":0.10244360566139221,"z":-1.103564977645874},"rotation":{"x":-0.06803902238607407,"y":-0.5978040099143982,"z":0.051814958453178409,"w":-0.7970923781394959},"size":0.8006431460380554,"orthographic":false}