{"cameraMode":{"drawMode":0,"name":"Shaded","section":"Shading Mode"},"sceneLighting":true,"audioPlay":false,"sceneViewState":{"m_AlwaysRefresh":false,"showFog":true,"showSkybox":false,"showFlares":true,"showImageEffects":true,"showParticleSystems":true,"showVisualEffectGraphs":true,"m_FxEnabled":true},"in2DMode":false,"pivot":{"x":-0.6284589767456055,"y":0.8867051601409912,"z":-1.6935832500457764},"rotation":{"x":0.09400778263807297,"y":-0.3303937017917633,"z":-0.031598981469869617,"w":-0.9390385150909424},"size":0.8660253882408142,"orthographic":false}