{"cameraMode":{"drawMode":0,"name":"Shaded","section":"Shading Mode"},"sceneLighting":false,"audioPlay":false,"sceneViewState":{"m_AlwaysRefresh":false,"showFog":true,"showSkybox":false,"showFlares":true,"showImageEffects":true,"showParticleSystems":true,"showVisualEffectGraphs":true,"m_FxEnabled":true},"in2DMode":false,"pivot":{"x":0.4637247920036316,"y":0.49626725912094118,"z":-0.020305156707763673},"rotation":{"x":-0.04328060895204544,"y":-0.10919459164142609,"z":0.005386983510106802,"w":-0.9930831789970398},"size":3.089268207550049,"orthographic":false}