{"cameraMode":{"drawMode":0,"name":"Shaded","section":"Shading Mode"},"sceneLighting":false,"audioPlay":false,"sceneViewState":{"m_AlwaysRefresh":false,"showFog":true,"showSkybox":false,"showFlares":true,"showImageEffects":true,"showParticleSystems":true,"showVisualEffectGraphs":true,"m_FxEnabled":true},"in2DMode":false,"pivot":{"x":-0.0009952187538146973,"y":2.0690412521362306,"z":-0.059265077114105228},"rotation":{"x":0.11985605210065842,"y":0.6482059955596924,"z":-0.10457774251699448,"w":0.7450149655342102},"size":2.20246958732605,"orthographic":false}