{"cameraMode":{"drawMode":0,"name":"Shaded","section":"Shading Mode"},"sceneLighting":true,"audioPlay":false,"sceneViewState":{"m_AlwaysRefresh":false,"showFog":true,"showSkybox":false,"showFlares":true,"showImageEffects":true,"showParticleSystems":true,"showVisualEffectGraphs":true,"m_FxEnabled":true},"in2DMode":false,"pivot":{"x":0.1253267377614975,"y":0.9178637862205505,"z":-0.18405497074127198},"rotation":{"x":0.05554896220564842,"y":0.8190450072288513,"z":-0.08067138493061066,"w":0.5653629302978516},"size":0.38126951456069949,"orthographic":false}