{"cameraMode":{"drawMode":0,"name":"Shaded","section":"Shading Mode"},"sceneLighting":false,"audioPlay":false,"sceneViewState":{"m_AlwaysRefresh":false,"showFog":false,"showSkybox":false,"showFlares":false,"showImageEffects":false,"showParticleSystems":false,"showVisualEffectGraphs":true,"m_FxEnabled":true},"in2DMode":false,"pivot":{"x":5.266152858734131,"y":3.126311779022217,"z":-6.553145408630371},"rotation":{"x":0.0006175116286613047,"y":0.9706721901893616,"z":-0.0026301834732294084,"w":0.24080607295036317},"size":5.283694744110107,"orthographic":false}