{"cameraMode":{"drawMode":0,"name":"Shaded","section":"Shading Mode"},"sceneLighting":false,"audioPlay":false,"sceneViewState":{"m_AlwaysRefresh":false,"showFog":true,"showSkybox":false,"showFlares":true,"showImageEffects":true,"showParticleSystems":true,"showVisualEffectGraphs":true,"m_FxEnabled":true},"in2DMode":false,"pivot":{"x":0.0631067156791687,"y":0.5771220326423645,"z":-0.15711039304733277},"rotation":{"x":0.05554896220564842,"y":0.8190450072288513,"z":-0.08067138493061066,"w":0.5653629302978516},"size":0.7265850901603699,"orthographic":false}