{"cameraMode":{"drawMode":0,"name":"Shaded","section":"Shading Mode"},"sceneLighting":false,"audioPlay":false,"sceneViewState":{"m_AlwaysRefresh":false,"showFog":false,"showSkybox":false,"showFlares":false,"showImageEffects":false,"showParticleSystems":false,"showVisualEffectGraphs":true,"m_FxEnabled":true},"in2DMode":false,"pivot":{"x":0.004760146141052246,"y":0.8707840442657471,"z":-0.03320515155792236},"rotation":{"x":-0.04786456748843193,"y":-0.6899343729019165,"z":0.04581763595342636,"w":-0.7208350300788879},"size":1.5073426961898804,"orthographic":false}