{"cameraMode":{"drawMode":0,"name":"Shaded","section":"Shading Mode"},"sceneLighting":false,"audioPlay":false,"sceneViewState":{"m_AlwaysRefresh":false,"showFog":false,"showSkybox":false,"showFlares":false,"showImageEffects":false,"showParticleSystems":false,"showVisualEffectGraphs":true,"m_FxEnabled":true},"in2DMode":false,"pivot":{"x":-0.2778003215789795,"y":3.4934563636779787,"z":0.12515366077423097},"rotation":{"x":0.12216644734144211,"y":0.1347215473651886,"z":-0.016699830070137979,"w":0.9832491278648377},"size":5.283694744110107,"orthographic":false}