{"cameraMode":{"drawMode":0,"name":"Shaded","section":"Shading Mode"},"sceneLighting":false,"audioPlay":false,"sceneViewState":{"m_AlwaysRefresh":false,"showFog":true,"showSkybox":false,"showFlares":true,"showImageEffects":true,"showParticleSystems":true,"showVisualEffectGraphs":true,"m_FxEnabled":true},"in2DMode":false,"pivot":{"x":0.3412279486656189,"y":0.852537989616394,"z":1.2249987125396729},"rotation":{"x":-0.03853174299001694,"y":-0.15675045549869538,"z":0.0067521086893975739,"w":-0.9868831038475037},"size":1.4999828338623047,"orthographic":false}