{"cameraMode":{"drawMode":0,"name":"Shaded","section":"Shading Mode"},"sceneLighting":false,"audioPlay":false,"sceneViewState":{"m_AlwaysRefresh":false,"showFog":true,"showSkybox":false,"showFlares":true,"showImageEffects":true,"showParticleSystems":true,"showVisualEffectGraphs":true,"m_FxEnabled":true},"in2DMode":false,"pivot":{"x":0.7279335260391235,"y":1.0269126892089844,"z":-0.2755982577800751},"rotation":{"x":-0.02244490012526512,"y":-0.10033547133207321,"z":0.002890361472964287,"w":-0.9947167038917542},"size":0.08926844596862793,"orthographic":false}